node_id:int,node_label_id:int,node_name:string,userid:string
0,0,User0,u0001
1,0,User1,u0002
2,0,User2,u0003
3,0,User3,u0004
4,0,User4,u0005
5,0,User5,u0006
6,0,User6,u0007
7,0,User7,u0008
8,0,User8,u0009
9,0,User9,u0010
10,0,User10,u0011
11,0,User11,u0012
12,0,User12,u0013
13,0,User13,u0014
14,0,User14,u0015
15,0,User15,u0016
16,0,User16,u0017
17,0,User17,u0018
18,0,User18,u0019
19,0,User19,u0020
20,0,User20,u0021
21,0,User21,u0022
22,0,User22,u0023
23,0,User23,u0024
24,0,User24,u0025
25,0,User25,u0026
26,0,User26,u0027
27,0,User27,u0028
28,0,User28,u0029
29,0,User29,u0030
30,0,User30,u0031
31,0,User31,u0032
32,0,User32,u0033
33,0,User33,u0034
34,0,User34,u0035
35,0,User35,u0036
36,0,User36,u0037
37,0,User37,u0038
38,0,User38,u0039
39,0,User39,u0040
40,0,User40,u0041
41,0,User41,u0042
42,0,User42,u0043
43,0,User43,u0044
44,0,User44,u0045
45,0,User45,u0046
46,0,User46,u0047
47,0,User47,u0048
48,0,User48,u0049
49,0,User49,u0050
50,0,User50,u0051
51,0,User51,u0052
52,0,User52,u0053
53,0,User53,u0054
54,0,User54,u0055
55,0,User55,u0056
56,0,User56,u0057
57,0,User57,u0058
58,0,User58,u0059
59,0,User59,u0060
60,0,User60,u0061
61,0,User61,u0062
62,0,User62,u0063
63,0,User63,u0064
64,0,User64,u0065
65,0,User65,u0066
66,0,User66,u0067
67,0,User67,u0068
68,0,User68,u0069
69,0,User69,u0070
70,0,User70,u0071
71,0,User71,u0072
72,0,User72,u0073
73,0,User73,u0074
74,0,User74,u0075
75,0,User75,u0076
76,0,User76,u0077
77,0,User77,u0078
78,0,User78,u0079
79,0,User79,u0080
80,0,User80,u4980
81,0,User81,u4981
82,0,User82,u4982
83,0,User83,u4983
84,0,User84,u4984
85,0,User85,u4985
86,0,User86,u4986
87,0,User87,u4987
88,0,User88,u4988
89,0,User89,u4989
90,0,User90,u4990
91,0,User91,u4991
92,0,User92,u4992
93,0,User93,u4993
94,0,User94,u4994
95,0,User95,u4995
96,0,User96,u4996
97,0,User97,u4997
98,0,User98,u4998
99,0,User99,u4999
